{"cameraMode":{"drawMode":0,"name":"Shaded","section":"Shading Mode"},"sceneLighting":false,"audioPlay":false,"sceneViewState":{"m_AlwaysRefresh":false,"showFog":true,"showSkybox":true,"showFlares":true,"showImageEffects":true,"showParticleSystems":true,"showVisualEffectGraphs":true,"m_FxEnabled":true},"in2DMode":false,"pivot":{"x":780.7371215820313,"y":-41.14996337890625,"z":-154.32949829101563},"rotation":{"x":0.021192258223891259,"y":0.7475520968437195,"z":-0.023281129077076913,"w":0.6638574600219727},"size":392.47882080078127,"orthographic":false}